{
	"description": "项目配置文件",
	"packOptions": {
		"ignore": []
	},
	"setting": {
		"urlCheck": false,
		"es6": true,
		"postcss": true,
		"minified": true,
		"newFeature": true,
		"coverView": true,
		"autoAudits": false,
		"showShadowRootInWxmlPanel": true,
		"scopeDataCheck": false,
		"uglifyFileName": true,
		"checkInvalidKey": true,
		"checkSiteMap": true,
		"uploadWithSourceMap": true,
		"babelSetting": {
			"ignore": [],
			"disablePlugins": [],
			"outputPath": ""
		},
		"preloadBackgroundData": false
	},
	"compileType": "miniprogram",
	"libVersion": "2.10.2",
	"appid": "wx935c0161276d796d",
	"projectname": "wx_app_fa",
	"debugOptions": {
		"hidedInDevtools": []
	},
	"isGameTourist": false,
	"simulatorType": "wechat",
	"simulatorPluginLibVersion": {},
	"condition": {
		"search": {
			"current": -1,
			"list": []
		},
		"conversation": {
			"current": -1,
			"list": []
		},
		"plugin": {
			"current": -1,
			"list": []
		},
		"game": {
			"currentL": -1,
			"list": []
		},
		"gamePlugin": {
			"current": -1,
			"list": []
		},
		"miniprogram": {
			"current": -1,
			"list": [
				{
					"id": -1,
					"name": "分类页面",
					"pathName": "pages/category/index",
					"query": "",
					"scene": null
				},
				{
					"id": -1,
					"name": "商品列表",
					"pathName": "pages/goods_list/index",
					"query": "cid=5",
					"scene": null
				},
				{
					"id": 2,
					"name": "商品详情",
					"pathName": "pages/goods_detail/main",
					"query": "goods_id=43985",
					"scene": null
				},
				{
					"id": -1,
					"name": "购物车",
					"pathName": "pages/cart/index",
					"query": "goods_id=43985",
					"scene": null
				},
				{
					"id": -1,
					"name": "支付",
					"pathName": "pages/pay/index",
					"query": "",
					"scene": null
				},
				{
					"id": -1,
					"name": "支付授权",
					"pathName": "pages/auth/index",
					"query": "",
					"scene": null
				},
				{
					"id": -1,
					"name": "登录授权",
					"pathName": "pages/login/index",
					"query": "",
					"scene": null
				},
				{
					"id": -1,
					"name": "我的",
					"pathName": "pages/user/index",
					"query": "",
					"scene": null
				},
				{
					"id": -1,
					"name": "收藏页",
					"pathName": "pages/collect/index",
					"query": "",
					"scene": null
				},
				{
					"id": -1,
					"name": "搜索页面",
					"pathName": "pages/search/index",
					"query": "",
					"scene": null
				},
				{
					"id": -1,
					"name": "意见反馈",
					"pathName": "pages/feedback/index",
					"query": "",
					"scene": null
				},
				{
					"id": -1,
					"name": "首页",
					"pathName": "pages/index/index",
					"query": "",
					"scene": null
				}
			]
		}
	}
}